autodoc,7,27,examples.test_gen_each_case.TestUnittest.test_foo_bar|tests.test_autodoc.TestAutodoc.test_parse_response|tests.test_autodoc.TestAutodoc.test_parse_responses|examples.test_gen_each_case.TestUnittest.test_get|tests.test_autodoc.TestAutodoc.test_should_change_separators|examples.test_gen_each_case.TestUnittest.test_post|tests.test_autodoc.TestAutodoc.test_create_document|
djcms-blog,7,23,tests.test_admin.BlogAdminTestCase.test_blog_admin|tests.test_admin.BlogAdminTestCase.test_author_bio_admin|tests.test_admin.BlogAdminTestCase.test_tag_admin|tests.test_admin.BlogAdminTestCase.test_post_title_admin|tests.test_models.BlogModelsTestCase.test_post_title_model|tests.test_admin.BlogAdminTestCase.test_author_admin|tests.test_admin.BlogAdminTestCase.test_blog_title_admin|
dzonegit,7,21,test_dzonegit.test_get_altered_files|test_dzonegit.test_pre_receive|test_dzonegit.test_get_file_contents|test_dzonegit.test_update|test_dzonegit.test_post_receive|test_dzonegit.test_get_head|test_dzonegit.test_template_config|
EPAB,64,215,test.test_cmd.test_changelog.test_flags_exclusion|test.test_cmd.test_test_runner.test_cmd_with_coverage_no_xml|test.test_utils.test_av.test_update_build_version|test.test_utils.test_resource_path.test_not_found|test.test_cmd.test_release.test_appveyor|test.test_main.test_no_stash|test.test_main.test_mypy|test.test_cmd.test_linters.test_pylint[params0-pylint ./test --reports=y]|test.test_cmd.test_changelog.test_next_version|test.test_cmd.test_push.test_push|test.test_main.test_pytest|test.test_main.test_safety|test.test_cmd.test_changelog.test_commit_amend|test.test_cmd.test_test_runner.test_remove_coverage_dir_disabled|test.test_cmd.test_linters.test_safety|test.test_cmd.test_test_runner.test_cmd|test.test_cmd.test_release.test_dirty_initial_check|test.test_cmd.test_test_runner.test_remove_coverage|test.test_cmd.test_test_runner.test_config_appveyor|test.test_utils.test_resource_path.test_from_dev|test.test_cmd.test_freeze.test_install_pyinstaller_installed|test.test_main.test_bandit|test.test_cmd.test_release.test_dirty_after_lint|test.test_main.test_lint|test.test_main.test_chglog|test.test_cmd.test_linters.test_lint[amend_stage3]|test.test_cmd.test_requirements.test_requirements_run_invocation|test.test_cmd.test_test_runner.test_cmd_with_coverage|test.test_main.test_dead_fixtures|test.test_cmd.test_linters.test_dead_fixtures|test.test_cmd.test_linters.test_lint_appveyor[amend_stage1]|test.test_cmd.test_freeze.test_freeze_no_entry_point|test.test_cmd.test_release.test_appveyor_artifacts|test.test_cmd.test_linters.test_lint_appveyor[amend_stage2]|test.test_main.test_stash_safety|test.test_cmd.test_test_runner.test_config_show|test.test_main.test_chglog_changed|test.test_main.test_install_hooks|test.test_cmd.test_linters.test_lint_appveyor[amend_stage3]|test.test_cmd.test_freeze.test_patch|test.test_cmd.test_changelog.test_changelog[content-content]|test.test_main.test_pylint|test.test_cmd.test_release.test_release|test.test_main.test_release|test.test_cmd.test_linters.test_isort_ignore|test.test_cmd.test_linters.test_lint_appveyor[amend_stage0]|test.test_cmd.test_freeze.test_install_pyinstaller_not_installed|test.test_cmd.test_requirements.test_straight_commit|test.test_main.test_reqs|test.test_cmd.test_release.test_release_on_master|test.test_cmd.test_test_runner.test_environ|test.test_cmd.test_release.test_appveyor_no_artifacts|test.test_cmd.test_freeze.test_with_data_files|test.test_cmd.test_changelog.test_auto_next_version|test.test_cmd.test_linters.test_lint[amend_stage2]|test.test_utils.test_resource_path.test_from_sys|test.test_cmd.test_requirements.test_requirements_with_dev_packages|test.test_cmd.test_changelog.test_straight_commit|test.test_main.test_dirty|test.test_cmd.test_release.test_dirty_final_check|test.test_cmd.test_linters.test_lint[amend_stage0]|test.test_cmd.test_freeze.test_freeze|test.test_main.test_reqs_changed|test.test_cmd.test_requirements.test_requirements_no_dev_packages|
eppy,72,218,eppy.tests.test_modeleditor.test_rename|eppy.tests.test_idf_helpers.test_idfobjectkeys|eppy.tests.test_hvacbuilder.test_makeductbranch|eppy.tests.test_thermal_properties.Test_ThermalProperties.test_rvalue_fails|eppy.tests.test_thermal_properties.Test_ThermalProperties.test_ufactor_nomass_construction|eppy.tests.test_thermal_properties.Test_ThermalProperties.test_heatcapacity_roofvegetation_construction|eppy.tests.test_thermal_properties.Test_ThermalProperties.test_rvalue_material|eppy.tests.test_hvacbuilder.test_replacebranch|eppy.tests.test_bunch_subclass.TestEpBunch.test_get_referenced_object|eppy.tests.test_thermal_properties.Test_ThermalProperties.test_rvalue_nomass_construction|eppy.tests.test_thermal_properties.Test_ThermalProperties.test_ufactor_infraredtransparent_construction|eppy.tests.test_thermal_properties.Test_ThermalProperties.test_heatcapacity_2_layer_construction|eppy.tests.test_modeleditor.test_getrefnames|eppy.tests.test_hvacbuilder.test_initinletoutlet|eppy.tests.test_thermal_properties.Test_ThermalProperties.test_ufactor_2_layer_construction|eppy.tests.test_idf_helpers.test_name2idfobject|eppy.tests.test_modeleditor.test_initreadtxt|eppy.tests.test_fanpower.testfanpower_watts|eppy.tests.test_hvacbuilder.test_makecondenserloop|eppy.tests.test_hvacbuilder.test_makepipebranch|eppy.tests.test_hvacbuilder.test_makeductcomponent|eppy.tests.test_hvacbuilder.test_getbranchcomponents|eppy.tests.test_fanpower.testfanpower_bhp|eppy.tests.test_thermal_properties.Test_ThermalProperties.test_heatcapacity_infraredtransparent_construction|eppy.tests.test_modeleditor.test_idfinmsequence|eppy.tests.test_thermal_properties.Test_ThermalProperties.test_ufactor_roofvegetation_construction|eppy.tests.test_modeleditor.test_new|eppy.tests.test_thermal_properties.Test_ThermalProperties.test_ufactor_material|eppy.tests.test_thermal_properties.Test_ThermalProperties.test_ufactor_1_layer_construction|eppy.tests.test_modeleditor.test_newidfobject|eppy.tests.test_modeleditor.test_saveas|eppy.tests.test_idf_helpers.test_getidfobjectlist|eppy.tests.test_thermal_properties.Test_ThermalProperties.test_heatcapacity_material|eppy.tests.test_idf_helpers.test_copyidfintoidf|eppy.tests.test_thermal_properties.Test_ThermalProperties.test_rvalue_infraredtransparent_construction|eppy.tests.test_thermal_properties.Test_ThermalProperties.test_heatcapacity_airgap_construction|eppy.tests.test_modeleditor.test_getiddgroupdict|eppy.tests.test_IDF.TestIDF.test_removeidfobject|eppy.tests.test_modeleditor.test_initread|eppy.tests.test_thermal_properties.Test_ThermalProperties.test_heatcapacity_nomass_construction|eppy.tests.test_thermal_properties.Test_ThermalProperties.test_rvalue_airgap_construction|eppy.tests.test_simpleread.test_idfreadtest|eppy.tests.test_idf_helpers.test_getobjectswithnode|eppy.tests.test_modeleditor.test_zonearea_zonevolume|eppy.tests.test_hvacbuilder.test_getfieldnamesendswith|eppy.tests.test_modeleditor.test_save|eppy.tests.test_thermal_properties.Test_ThermalProperties.test_heatcapacity_1_layer_construction|eppy.tests.test_modeleditor.test_newidfobject_warning|eppy.tests.test_thermal_properties.Test_ThermalProperties.test_ufactor_airgap_construction|eppy.tests.test_examples.test_pythonic|eppy.tests.test_idf_helpers.test_getobject_use_prevfield|eppy.tests.test_hvacbuilder.test_connectcomponents|eppy.tests.test_fanpower.test_fan_maxcfm|eppy.tests.test_modeleditor.test_idd_index|eppy.tests.test_modeleditor.test_savecopy|eppy.tests.test_thermal_properties.Test_ThermalProperties.test_rvalue_2_layer_construction|eppy.tests.test_hvacbuilder.test_componentsintobranch|eppy.tests.test_bunch_subclass.TestEpBunch.test_getreferingobjs|eppy.tests.test_json_functions.test_updateidf|eppy.tests.test_idf_helpers.test_getanymentions|eppy.tests.test_thermal_properties.Test_ThermalProperties.test_rvalue_roofvegetation_construction|eppy.tests.test_hvacbuilder.test_makeplantloop|eppy.tests.test_idf_helpers.test_getidfkeyswithnodes|eppy.tests.test_modeleditor.test_refname2key|eppy.tests.test_modeleditor.test_idfstr|eppy.tests.test_hvacbuilder.test_renamenodes|eppy.tests.test_hvacbuilder.test_makepipecomponent|eppy.tests.test_modeleditor.test_save_with_lineendings_and_encodings|eppy.tests.test_thermal_properties.Test_ThermalProperties.test_rvalue_1_layer_construction|eppy.tests.test_modeleditor.test_getallobjlists|eppy.tests.test_hvacbuilder.test_getnodefieldname|eppy.tests.test_IDF.TestIDF.test_popidfobject|
httpproblem,7,18,tests.test_problem.test_problem_http_response[1000-test_title-test_detail-test_type-test_instance-headers0-kwargs0-expected_body0-expected_headers0]|tests.test_problem.test_exception_to_http_response_with_global_traceback|tests.test_problem.test_problem_http_response[None-None-None-None-None-headers3-kwargs3-expected_body3-expected_headers3]|tests.test_problem.test_problem_http_response[None-None-None-None-None-None-kwargs1-expected_body1-expected_headers1]|tests.test_problem.test_exception_to_http_response|tests.test_problem.test_exception_to_http_response_with_traceback_param|tests.test_problem.test_problem_http_response[None-None-None-None-None-headers2-kwargs2-expected_body2-expected_headers2]|
abadge,2,5,test_abadge.BadgeTester.test_levels|test_abadge.BadgeTester.test_default_config|
dar,1,4,tests.test_dar.test_call_alias|
docker-odoo-env,2,8,docker_odoo_env.test_oe.TestRepository.test_03|docker_odoo_env.test_oe.TestRepository.test_07|
humansort,1,3,tests.test_sort.test_sort_property|
submail,3,10,tests.test_message.TemplateTest.test_02_template_get|tests.test_message.TemplateTest.test_03_template_update|tests.test_message.TemplateTest.test_04_template_delete|
argutil,3,87,tests.submodules_test.SubmoduleTest.test_submodule_default_handler_shows_usage|tests.get_parser_test.GetParserTest.test_error_unknown_type|tests.get_parser_test.GetParserTest.test_module_not_in_defaults_file|
astroimtools,3,32,astroimtools.tests.test_arithmetic.TestNDDataArith.test_max|astroimtools.tests.test_arithmetic.TestNDDataArith.test_scalar|astroimtools.tests.test_arithmetic.TestNDDataArith.test_min|
autoclasswrapper,6,32,tests.test_output.TestOutputClass.test_write_cdt_with_proba|tests.test_output.TestOutputClass.test_write_cluster_stats|tests.test_output.TestOutputClass.test_write_dendrogram_no_stats|tests.test_output.TestOutputClass.test_write_cdt|tests.test_output.TestOutputClass.test_aggregate_input_data|tests.test_output.TestOutputClass.test_extract_results|
aws-lambda-decorators,1,148,tests.test_decoders.DecodersTests.test_extract_multiple_parameters_from_jwt_hits_cache|
boatd,2,35,boatd.tests.test_api.TestAPI.test_set_rudder|boatd.tests.test_api.TestAPI.test_thread|
bupper,2,11,test.test_bupper.TestUtils.test_makedirs_to|test.test_bupper.TestPaths.test_get_targets|
chuda,1,68,tests.test_app.test_output[argv0]|
clu,7,153,tests.test_ghost.TestStash.test_broken_is_initialized|tests.test_ghost.TestCLI.test_fail_init_two_stashes_passphrase_file_exists|tests.test_ghost.TestTinyDBStorage.test_is_initialized|tests.test_ghost.TestCLI.test_init_already_initialized|tests.test_ghost.TestTinyDBStorage.test_init_stash_in_current_dir|tests.test_ghost.TestCLI.test_init_permission_denied_on_passphrase|tests.test_ghost.TestSQLAlchemyStorage.test_is_initialized|
compilertools,1,50,tests.test___init__.tests_init|
contextily,3,19,tests.test_ctx.test_place|tests.test_ctx.test_plot_map|tests.test_ctx.test_add_basemap|
cuckoopy,1,18,tests.test_cuckoofilter.test_insert_filter_full|
cycle-calendar-generator,1,20,tests.test_cycle_calendar_generator.Test_parse_user_schedule.test_parses_correct_schedule|
easy_python_requirements,1,43,test.test_mock_functions.test_mock_module_with_two_updates|
elifetools,2,843,elifetools.tests.test_xmlio.TestXmlio.test_input_output_1_elife_02833_v2_xml|elifetools.tests.test_xmlio.TestXmlio.test_input_output_forcing_jats_doctype_1_elife_02833_v2_xml|
etaprogress,16,68,tests.test_components_bars_undefined.test_undefined_animated_resize|tests.test_progress_progressbarbits.test_defined_wont_fit|tests.test_progress_progressbarbits.test_defined|tests.test_progress_progressbarbytes.test_defined_wont_fit|tests.test_components_bars.test_bar|tests.test_progress_progressbarbits.test_defined_rounded|tests.test_progress_progressbarwget.test_defined_hour|tests.test_progress_progressbarbytes.test_defined_hour|tests.test_progress_progressbaryum.test_defined_rounded|tests.test_progress_progressbaryum.test_defined_hour|tests.test_progress_progressbaryum.test_defined|tests.test_progress_progressbarbits.test_undefined|tests.test_components_bars_undefined.test_animated|tests.test_progress_progressbarwget.test_defined_weeks|tests.test_progress_progressbaryum.test_defined_weeks|tests.test_progress_progressbarbytes.test_undefined|
excelt2json,1,14,tests.test_excel_2_json.TestProcessExcel.test_excel_process_not_patch_sheet_names|
exceltojson,2,14,tests.test_excel_2_json.TestProcessExcel.test_excel_process_not_patch_sheet_names|tests.test_excel_2_json.TestProcessExcel.test_excel_process_with_sheet_names|
ext_pylib,3,181,"tests.files.test_node.test_node_repr[atts2-{'path' : '/etc/path/file', 'perms' : 0o655, 'owner' : None, 'group' : None}]|tests.files.test_node.test_node_repr[atts0-{'path' : None, 'perms' : None, 'owner' : None, 'group' : None}]|tests.files.test_node.test_node_repr[atts1-{'path' : '/this/path/file', 'perms' : None, 'owner' : None, 'group' : None}]|"
FirebaseData,2,109,tests.test_watcher.test_watch__stale|tests.test_watcher.test_watch__not_stale|
fishbase,1,113,test.test_logger.TestFishLogging.test_format3|
fish_base,1,113,test.test_logger.TestFishLogging.test_format3|
Flask-Multi-Redis,7,33,test.integration.test_flask_multi_redis.test_transmission_of_not_implemented_method|test.integration.test_flask_multi_redis.test_custom_node|test.integration.test_flask_multi_redis.test_extension_registration_if_app_has_no_extensions|test.integration.test_flask_multi_redis.test_init_app|test.integration.test_flask_multi_redis.test_custom_prefix|test.integration.test_flask_multi_redis.test_custom_default_config|test.integration.test_flask_multi_redis.test_custom_default_ssl|
ghost,5,153,tests.test_ghost.TestCLI.test_init_permission_denied_on_passphrase|tests.test_ghost.TestTinyDBStorage.test_init_stash_in_current_dir|tests.test_ghost.TestTinyDBStorage.test_is_initialized|tests.test_ghost.TestSQLAlchemyStorage.test_is_initialized|tests.test_ghost.TestCLI.test_fail_init_two_stashes_passphrase_file_exists|
gitlab-stats,5,41,tests.test_utils.UtilsTest.test_050_get_moy_duration|tests.test_cli.CLITest.test_102_cli_proxy|tests.test_utils.UtilsTest.test_053_get_success_percentage|tests.test_utils.UtilsTest.test_221_write_into_a_created_report_do_not_had_headers|tests.test_utils.UtilsTest.test_223_report_generated|
hockey-scraper,1,41,tests.test_json_schedule.test_get_dates|
hspectral,1,44,strlearn.tests.test_streams.test_arff_parser|
icloudpd,4,38,tests.test_email_notifications.EmailNotificationsTestCase.test_2sa_required_email_notification|tests.test_cli.CliTestCase.test_tqdm|tests.test_two_step_auth.TwoStepAuthTestCase.test_2sa_flow_sms_failed|tests.test_two_step_auth.TwoStepAuthTestCase.test_2sa_flow_sms|
instabot,25,216,tests.test_bot_filter.TestBotFilter.test_check_user[True-False-False-True]|tests.test_bot_get.TestBotGet.test_get_hashtag_medias[hashtag1]|tests.test_bot_follow.TestBotFilter.test_follow_users[user_ids0]|tests.test_bot_get.TestBotGet.test_get_total_hashtag_medias[hashtag1]|tests.test_bot_like.TestBotGet.test_like_users[user_ids0]|tests.test_bot_follow.TestBotFilter.test_follow_following[12345678900]|tests.test_bot_get.TestBotGet.test_get_user_medias[12345678900]|tests.test_bot_get.TestBotGet.test_get_hashtag_medias[hashtag2]|tests.test_bot_like.TestBotGet.test_like_followers[12345678900]|tests.test_bot_follow.TestBotFilter.test_follow_followers[12345678901]|tests.test_bot_unlike.TestBotFilter.test_unlike_user|tests.test_bot_follow.TestBotFilter.test_follow_following[12345678901]|tests.test_bot_like.TestBotGet.test_like_users[user_ids1]|tests.test_bot_follow.TestBotFilter.test_follow_users[user_ids1]|tests.test_bot_get.TestBotGet.test_get_timeline_medias|tests.test_bot_like.TestBotGet.test_like_hashtag[like_hashtag1]|tests.test_bot_like.TestBotGet.test_like_user[12345678901]|tests.test_bot_get.TestBotGet.test_get_user_medias[12345678901]|tests.test_bot_follow.TestBotFilter.test_follow[7777777770]|tests.test_bot_get.TestBotGet.test_get_total_hashtag_medias[hashtag2]|tests.test_bot_like.TestBotGet.test_like_hashtag[like_hashtag2]|tests.test_bot_like.TestBotGet.test_like_user[12345678900]|tests.test_bot_follow.TestBotFilter.test_follow_followers[12345678900]|tests.test_bot_follow.TestBotFilter.test_follow[awesome.test.user]|tests.test_bot_follow.TestBotFilter.test_follow[7777777771]|
li,1,28,tests.test_license.test_get_does_does_not_modfiy_author_if_ok|
mccabe,1,14,test_mccabe.RegressionTests.test_max_complexity_is_always_an_int|
mklists,1,132,tests.test_utils_return_rootdir_pathname.test_not_return_rootdir_pathname_when_one_subdir_up|
mlconjug,2,21,tests.test_mlconjug.TestConjugator.test_conjugate|tests.test_mlconjug.TestModel.test_predict|
nnweaver,1,29,test.optimizers_test.test_bundle_linear|
pdfebc,1,31,tests.test_core.CoreTest.test_compress_too_small_pdf|
perf,6,162,pyperf.tests.test_examples.ExampleTests.test_bench_func_no_warmup|pyperf.tests.test_examples.ExampleTests.test_export_csv|pyperf.tests.test_examples.ExampleTests.test_bench_timeit|pyperf.tests.test_examples.ExampleTests.test_bench_func|pyperf.tests.test_examples.ExampleTests.test_bench_time_func|pyperf.tests.test_examples.ExampleTests.test_bench_command|
policyuniverse,2,29,policyuniverse.tests.test_expander_minimizer.TestMethods.test_expand_minimize_over_policies|policyuniverse.tests.test_expander_minimizer.TestMethods.test_expand_1|
poly_decomp,5,23,tests.test_poly_decomp.TestPoly_Decomp.test_polygonIsReflex|tests.test_poly_decomp.TestPoly_Decomp.test_not_polygonIsReflex|tests.test_poly_decomp.TestPoly_Decomp.test_not_polygonCanSee|tests.test_poly_decomp.TestPoly_Decomp.test_polygonAt_negative_index|tests.test_poly_decomp.TestPoly_Decomp.test_polygonAt|
pycosio,2,28,tests.test_core_io_base.test_memoizedmethod|tests.test_core_exceptions.test_handle_os_exceptions|
pydicom,46,2501,pydicom.tests.test_filereader.TestDeferredRead.test_filelike_deferred|pydicom.tests.test_filewriter.TestWriteNonStandard.test_read_write_identical|pydicom.tests.test_filereader.TestReader.test_correct_ambiguous_explicit_vr|pydicom.tests.test_filereader.TestFileLike.test_read_file_given_file_like_object|pydicom.tests.test_filereader.TestReadDataElement.test_read_AE|pydicom.tests.test_filereader.TestReader.test_no_preamble_file_meta_dataset|pydicom.tests.test_filewriter.TestWriteNonStandard.test_preamble_commandset|pydicom.tests.test_filewriter.TestWriteFile.testRTDose|pydicom.tests.test_filewriter.TestScratchWriteDateTime.testRTPlan|pydicom.tests.test_filereader.TestReader.test_group_length_wrong|pydicom.tests.test_filewriter.TestWriteNonStandard.test_commandset|pydicom.tests.test_filewriter.TestCorrectAmbiguousVR.test_ambiguous_element_in_sequence_explicit|pydicom.tests.test_filereader.TestReader.test_meta_no_dataset|pydicom.tests.test_filereader.TestReadDataElement.test_read_OL_explicit_little|pydicom.tests.test_filewriter.TestWriteFile.testMultiPN|pydicom.tests.test_filewriter.TestScratchWriteDateTime.testCT|pydicom.tests.test_config.TestDebug.test_default|pydicom.tests.test_filewriter.TestWriteFile.testJPEG2000|pydicom.tests.test_filereader.TestReadDataElement.test_read_UC_implicit_little|pydicom.tests.test_filewriter.TestCorrectAmbiguousVR.test_ambiguous_element_in_sequence_implicit|pydicom.tests.test_filereader.TestReader.test_preamble_commandset_no_dataset|pydicom.tests.test_filereader.TestReader.test_correct_ambiguous_vr|pydicom.tests.test_filereader.TestReader.test_no_dataset|pydicom.tests.test_filewriter.TestWriteNonStandard.test_commandset_filemeta|pydicom.tests.test_filereader.TestReadDataElement.test_read_OD_implicit_little|pydicom.tests.test_filereader.TestReader.test_long_specific_char_set|pydicom.tests.test_filewriter.TestWriteFile.testMR|pydicom.tests.test_filewriter.TestScratchWriteDateTime.testMR|pydicom.tests.test_filereader.TestReader.test_no_preamble_command_group_dataset|pydicom.tests.test_filewriter.TestWriteFile.testUnicode|pydicom.tests.test_filewriter.TestScratchWriteDateTime.testJPEG2000|pydicom.tests.test_filereader.TestReadDataElement.test_read_OL_implicit_little|pydicom.tests.test_filereader.TestReader.test_preamble_command_meta_no_dataset|pydicom.tests.test_filewriter.TestScratchWriteDateTime.testUnicode|pydicom.tests.test_filereader.TestReader.test_preamble_meta_no_dataset|pydicom.tests.test_filereader.TestReader.test_correct_ambiguous_vr_compressed|pydicom.tests.test_filewriter.TestWriteFile.testRTPlan|pydicom.tests.test_filewriter.TestScratchWriteDateTime.testMultiPN|pydicom.tests.test_filereader.TestReadDataElement.test_read_UR_explicit_little|pydicom.tests.test_filereader.TestReadDataElement.test_read_UR_implicit_little|pydicom.tests.test_filereader.TestReader.test_commandset_no_dataset|pydicom.tests.test_filewriter.TestScratchWriteDateTime.testRTDose|pydicom.tests.test_filewriter.TestWriteFile.testCT|pydicom.tests.test_filereader.TestReadDataElement.test_read_UC_explicit_little|pydicom.tests.test_filereader.TestReader.test_file_meta_dataset_implicit_vr|pydicom.tests.test_filereader.TestReadDataElement.test_read_OD_explicit_little|
pydu,1,198,tests.test_network.test_get_free_port|
pyllage,1,35,pyllage.tests.test_http.test_post|
pynetdicom,6,2664,pynetdicom.tests.test_logging.TestStandardLogging.test_recv_assoc_rq_sop_common|pynetdicom.tests.test_logging.TestStandardLogging.test_recv_assoc_rq_user_id[info0-output0]|pynetdicom.tests.test_logging.TestStandardLogging.test_recv_assoc_rq_user_id[info8-output8]|pynetdicom.tests.test_logging.TestStandardLogging.test_send_assoc_rq_sop_ext|pynetdicom.tests.test_logging.TestStandardLogging.test_send_assoc_rq_sop_common|pynetdicom.tests.test_logging.TestStandardLogging.test_send_assoc_rq_user_id[info0-output0]|
PyPOM,1,90,tests.test_driver.test_register_driver|
rdftools,8,75,test.test_shell_commands.test_serialize_bad_file|test.test_shell_commands.test_parse_bad_format|test.test_shell_commands.test_parse|test.test_tool_setup.test_configure_translation|test.test_shell_commands.test_parse_no_file|test.test_shell_commands.test_show|test.test_shell_commands.test_predicates|test.test_shell_commands.test_subjects|
requests-cache,7,55,tests.test_redisdict.RedisDictTestCase.test_same_settings|tests.test_redisdict.RedisDictTestCase.test_picklable_dict|tests.test_redisdict.RedisDictTestCase.test_del|tests.test_redisdict.RedisDictTestCase.test_str|tests.test_redisdict.RedisDictTestCase.test_clear_and_work_again|tests.test_redisdict.RedisDictTestCase.test_len|tests.test_redisdict.RedisDictTestCase.test_set_get|
scikit-hep,1,56,tests.dataset.test_numpydataset.test_methods|
scylla,4,40,tests.database_test.test_create_ip_floor_latency|tests.database_test.test_delete_ip|tests.database_test.test_create_ip|tests.jobs_test.test_save_ip|
serpextract,3,14,tests.test_serps.TestSERPs.test_naive_detection|tests.test_serps.TestSERPs.test_custom_parser_implicit|tests.test_serps.TestSERPs.test_custom_parser_explicit|
skidl,2,110,tests.test_lib.test_part_from_non_existing_lib_cannot_be_instantiated|tests.test_lib.test_missing_lib|
SSLyze,1,99,tests.plugin_tests.test_certificate_info_plugin.TestCertificateInfoPlugin.test_valid_chain_with_ev_cert|
strato-skipper,2,75,tests.test_cli.TestCLI.test_make_without_build_container_tag|tests.test_cli.TestCLI.test_run_without_build_container_tag|
tukio,5,30,tests.test_task.TestTaskRegistry.test_register_same_name|tests.test_task.TestTaskFactory.test_tukio_task_attrs_from_coro|tests.test_task.TestTaskFactory.test_without_tukio_factory|tests.test_task.TestTaskFactory.test_with_tukio_factory|tests.test_task.TestNewTask.test_new_task_ok|
upaas-common,3,91,tests.test_storage_mongodb.test_not_exists|tests.test_storage_mongodb.test_get_not_exists|tests.test_storage_mongodb.test_delete_not_exists|
urlquick,1,185,tests.test_urlquick.TestCacheHandler.test_cache_check_no_cache|
zanna,2,58,tests.test_decorators.TestDecorators.test_provider_decorated|tests.test_decorators.TestDecorators.test_class_decorated|
async-kinesis-client,2,10,tests.test_dynamodb.TestConsumerWithDynamoDB.test_consumer_with_dynamodb|tests.test_dynamodb.TestConsumerWithDynamoDB.test_dropping_seq|
kindle-maker,1,6,tests.test_ebook.test_ebook_save|
layouts,2,9,tests.test_cache.test_github_cache|tests.test_cache.test_local_cache|
ptemcee,1,10,ptemcee.tests.Tests.test_inf_logprob|
zula,1,7,tests.test_db.DbTests.test_get_keys|
GC-analysis,11,12,tests.test_file_ex2_5_5_gz.test_1|tests.test_file_ex2_5_5_gz_ot.test_1|tests.test_file_ex2_5_3_gz.test_1|tests.test_error_ex3.test_error_ex3|tests.test_file_ex2_5_3_gz_ot.test_1|tests.test_file_ex1_5_3_ot.test_1|tests.test_file_ex2_5_5.test_1|tests.test_file_ex1_5_5.test_1|tests.test_file_ex1_5_5_ot.test_1|tests.test_file_ex2_5_3.test_1|tests.test_file_ex1_5_3.test_1|
pyversion,6,11,version_tests.test_version.TestSemanticVersion.test_increment_micro|version_tests.test_version.TestSemanticVersion.test_increment_pre_release|version_tests.test_version.TestSemanticVersion.test_increment_minor|version_tests.test_version.TestSemanticVersion.test_increment_epoch|version_tests.test_version.TestSemanticVersion.test_increment_major|version_tests.test_version.TestSemanticVersion.test_cli_pypi_package|
sandman,45,58,tests.test_sandman.TestSandmanContentTypes.test_post_no_json_data|tests.test_sandman.TestSandmanUserDefinitions.test_put_fail_validation|tests.test_sandman.TestSandmanContentTypes.test_get_html_attribute|tests.test_sandman.TestSandmanBasicVerbs.test_get_with_filter|tests.test_sandman.TestSandmanBasicVerbs.test_delete_resource|tests.test_sandman.TestSandmanBasicVerbs.test_get_etag_no_match|tests.test_sandman.TestSandmanBasicVerbs.test_delete_resource_violating_constraint|tests.test_sandman.TestSandmanBasicVerbs.test_get_root|tests.test_sandman.TestSandmanBasicVerbs.test_put_resource|tests.test_sandman.TestSandmanContentTypes.test_post_html_with_charset|tests.test_sandman.TestSandmanBasicVerbs.test_get_object_attribute|tests.test_sandman.TestSandmanBasicVerbs.test_get_attribute|tests.test_sandman.TestSandmanValidation.test_unsupported_collection_method|tests.test_sandman.TestSandmanValidation.test_unsupported_patch_resource|tests.test_sandman.TestSandmanValidation.test_unsupported_get_resource|tests.test_sandman.TestSandmanUserDefinitions.test_user_defined_endpoint|tests.test_sandman.TestSandmanContentTypes.test_delete_resource_html|tests.test_sandman.TestSandmanValidation.test_delete_not_supported|tests.test_sandman.TestSandmanUserDefinitions.test_user_validation_reject|tests.test_sandman.TestSandmanContentTypes.test_post_unsupported_content_type|tests.test_sandman.TestSandmanValidation.test_pagination|tests.test_sandman.TestSandmanBasicVerbs.test_post|tests.test_sandman.TestSandmanBasicVerbs.test_posted_uri|tests.test_sandman.TestSandmanBasicVerbs.test_get_etag_header|tests.test_sandman.TestSandmanContentTypes.test_get_json|tests.test_sandman.TestSandmanBasicVerbs.test_get_link_header_for_resource|tests.test_sandman.TestSandmanBasicVerbs.test_get_with_limit|tests.test_sandman.TestSandmanContentTypes.test_get_html|tests.test_sandman.TestSandmanContentTypes.test_patch_new_resource_html|tests.test_sandman.TestExistingModel.test_get_resource_for_existing_model|tests.test_sandman.TestSandmanContentTypes.test_post_html_response|tests.test_sandman.TestSandmanBasicVerbs.test_get_expanded_resource|tests.test_sandman.TestSandmanBasicVerbs.test_patch_new_resource|tests.test_sandman.TestSandmanUserDefinitions.test_responds_with_top_level_json_name_if_present|tests.test_sandman.TestSandmanBasicVerbs.test_get_with_like_filter|tests.test_sandman.TestExistingModel.test_get_meta_for_existing_class|tests.test_sandman.TestSandmanBasicVerbs.test_get_with_sort|tests.test_sandman.TestSandmanBasicVerbs.test_posted_location|tests.test_sandman.TestSandmanContentTypes.test_post_no_html_form_data|tests.test_sandman.TestSandmanBasicVerbs.test_get_meta|tests.test_sandman.TestSandmanContentTypes.test_get_html_collection|tests.test_sandman.TestSandmanBasicVerbs.test_get|tests.test_sandman.TestSandmanBasicVerbs.test_put_invalid_foreign_key|tests.test_sandman.TestSandmanBasicVerbs.test_patch_existing_resource|tests.test_sandman.TestSandmanUserDefinitions.test_user_validation_accept|
alphanum-code,2,2,tests.test_alphanum_code.test_init_code|tests.test_alphanum_code.test_next_code|
Flask-gTTS,8,9,test_fg.test_read_false_input_after_right|test_fg.test_dynamic_route_mp3|test_fg.test_cleanup_before_exit|test_fg.test_template_read_js|test_fg.test_template_sayit_valid|test_fg.test_false_inputs_read|test_fg.test_false_inputs_say|test_fg.test_template_sayit_mp3|
google-images-download,1,2,tests.test_google_images_download.test_download_images_to_default_location|
logstash_logger,4,7,tests.test_magic_logger.test_log_debug|tests.test_magic_logger.test_log_warning|tests.test_magic_logger.test_log_info|tests.test_magic_logger.test_log_error|
marlin-bookmark,4,5,tests.test_marlin.test_add_bookmark|tests.test_marlin.test_read_bookmark|tests.test_marlin.test_remove_bookmark|tests.test_marlin.test_list_bookmark|
multiindex,4,8,multiindex.tests.test_multiindex.test_remove|multiindex.tests.test_multiindex_hashed_non_unique.test_insert|multiindex.tests.test_multiindex.test_insert_overwrite|multiindex.tests.test_multiindex.test_insert|
zengin_code,1,2,tests.test_bank.TestBank.test_get|
aactivator,0,45,
abel,0,16,
abodepy,0,84,
abot,0,86,
accept,0,17,
Accern,0,33,
ace,0,20,
acme-mgmtserver,0,90,
acpi-backlight,0,19,
acquantum-connector,0,28,
actionqueues,0,24,
adduserpath,0,25,
adr-viewer,0,11,
aeneas,0,824,
Aeon,0,28,
aergo-herapy,0,34,
aerial,0,14,
affine,0,63,
afrigis,0,20,
agnostic-calculator,0,56,
agsadmin,0,11,
aiko,0,14,
aimfast,0,11,
aio-jsonrpc-2.0,0,58,
aioapp,0,31,
aiobearychat,0,14,
aiobfd,0,91,
aiocaldav,0,13476,
aiochan,0,70,
aioChatbase,0,41,
aiodataloader,0,18,
aiodownload,0,18,
aiofile,0,13,
aiogram,0,321,
aiohttp-apispec,0,24,
aiohttp-sse,0,23,
aiohttp-swagger,0,26,
aiohttp_auth_autz,0,45,
aiohttp_cors,0,99,
aiohttp_debugtoolbar,0,28,
aiohttp_mako,0,11,
aiohttp_security,0,22,
aiohug,0,40,
aiorwlock,0,30,
aioschedule,0,22,
aiosip,0,16,
aiosqlite3,0,124,
aiozipkin,0,58,
aiter,0,15,
alchimia,0,22,
algorithms,0,338,
algos-py,0,40580,
alicemsg,0,11,
allib,0,64,
alnitak,0,66,
alog,0,51,
alphabet-detector,0,13,
alphavantage,0,18,
alppb,0,20,
alt-model-checkpoint,0,17,
amazon-page-parser,0,24,
amlc,0,18,
amo2kinto,0,70,
amt,0,14,
angles,0,34,
anosql,0,27,
ansicolor,0,12,
ant-colony,0,17,
anydo_api,0,72,
anymarkup,0,25,
ao3-poster,0,15,
Aplos,0,40,
apodeflags,0,11,
apparate,0,44,
apptuit,0,103,
apsjournals,0,21,
apypie,0,92,
ArchivesSnake,0,14,
argskwargs,0,15,
Argvard,0,72,
arlib,0,73,
arrested,0,116,
arseparse,0,11,
artifacts,0,28,
askhome,0,24,
askpy,0,53,
assetid,0,16,
asterios,0,21,
astronaut,0,37,
astwro,0,52,
async-exit-stack,0,23,
async-stagger,0,40,
async2rewrite,0,77,
asynciomeasures,0,84,
asyncio_dispatch,0,34,
async_timeout,0,33,
atdate,0,20,
atenvironment,0,11,
athom-api,0,30,
atlasclient,0,62,
atlasreader,0,11,
atomic-hpc,0,74,
attd,0,18,
attribute-dict,0,25,
audioclipextractor,0,22,
auth0-python,0,182,
auto-init,0,27,
autoargparse,0,37,
autoasm,0,11,
autolink,0,14,
Automat,0,62,
autonomie_celery,0,18,
autorelease,0,14,
Autowire,0,23,
awkward-numba,0,29,
awkward,0,29,
aws-lambda-pyauthlib,0,29,
aws-sfn-builder,0,50,
awsjar,0,29,
Axe,0,34,
babis,0,12,
backports.html,0,49,
base58,0,15,
basicsudoku,0,27,
bayfox,0,15,
bbscraper,0,12,
bc-logfmt-python,0,22,
bedhandler,0,57,
bencode.py,0,24,
bessie,0,17,
bigchaindb-driver,0,94,
bioc,0,36,
bitmex-websocket,0,11,
blackmamba,0,620,
blindtex,0,27,
bmds,0,100,
bonspy,0,34,
bwapi,0,21,
cabby,0,62,
cachel,0,23,
cachelock,0,20,
cachetools,0,108,
caching-py35,0,83,
calibraxis,0,14,
calpack,0,55,
camel,0,25,
cannondb,0,18,
cantal,0,14,
capidup,0,2301,
capsicum,0,14,
captcha-solver,0,14,
cauldron-notebook,0,750,
cbpro2,0,19,
cenotes-lib,0,30,
cenotes,0,32,
cert-core,0,33,
cert-verifier,0,31,
certsign,0,12,
cfn_flip,0,80,
chainable,0,36,
cheat-ext,0,23,
chinesecalendar,0,17,
Choco,0,465,
class-only-design,0,19,
clatter,0,11,
clinto,0,12,
clizy,0,40,
cli_tools,0,66,
clkhash,0,211,
Cocopot,0,60,
code-snippet,0,30,
codemetrics,0,97,
codespell,0,15,
comanage_nacha,0,79,
Comparable,0,83,
configstruct,0,12,
cosmopy,0,14,
cpematcher,0,23,
csvinsight,0,13,
ctmc,0,14,
ctypes-ejdb,0,65,
cucco,0,23,
CUriTools,0,14,
cutecare-py,0,37,
cyscore,0,19,
dadata-client,0,17,
dahuffman,0,23,
data-partitioner,0,18,
datapipelines,0,91,
DataPrint,0,24,
dateglob,0,14,
daydreamer,0,30,
dblink,0,19,
dciauth,0,63,
deck-of-cards,0,12,
deezer-python,0,60,
defusedxml,0,86,
dephash,0,58,
dfply,0,87,
dgen,0,30,
dicom-standard,0,32,
dict-envy,0,14,
dicty,0,33,
difftrack,0,40052,
dikicli,0,14,
distro,0,174,
django-database-views,0,19,
django-dynamic-filenames,0,30,
django-excel-tools,0,35,
django-fiction-outlines,0,169,
django-flexible-reports,0,20,
django-helcim,0,16,
django-polyfield,0,43,
dkfileutils,0,78,
dnszonetest,0,20,
dockerpty,0,39,
docstring-parser,0,52,
doid,0,14,
dojo-toolkit,0,32,
donfig,0,37,
dotfiler,0,21,
drafthorse,0,13,
dsq,0,42,
dtool-create,0,11,
dxfgrabber,0,249,
dynamight,0,49,
dynn,0,104,
easytrader,0,23,
ec2-reaper,0,13,
echovr-api,0,86,
econ-ark,0,45,
effect,0,120,
ehex,0,28,
elemental-core,0,14,
endorser,0,28,
enlighten,0,82,
envargs,0,19,
environs-serviceurl,0,14,
envy,0,14,
ergaleia,0,139,
escape,0,45,
etcaetera,0,96,
etherweaver,0,24,
EVE-Gnosis,0,54,
eventdispatcher,0,102,
eventemitter,0,17,
EVEPrest,0,13,
everett,0,109,
exceptive,0,11,
exec-wrappers,0,171,
experimental,0,38,
expstock,0,16,
fabricate-it,0,14,
falcon-dbapi,0,59,
fedmsg-migration-tools,0,22,
fencepy,0,20,
Fiasko-Bro,0,96,
fiblary,0,13,
file-config,0,93,
filesdb,0,44,
findx,0,36,
flake8-mutable,0,18,
flake8-print,0,37,
flashtext,0,23,
Flask-JinjaHelpers,0,13,
Flask-REST-JSONAPI,0,102,
flask-stateless-auth,0,12,
flask-template-master,0,13,
flask_graphite,0,23,
flatten_json,0,24,
flextls,0,75,
flocs,0,153,
foil,0,93,
fortran-binary,0,25,
fqutil,0,14,
GADDAG,0,29,
gdal-build-debug,0,124,
ged2doc,0,64,
genstream,0,15,
gentools,0,102,
get-mac,0,38,
getmac,0,38,
git-archive-all,0,25,
git-ext,0,12,
git-wrapper,0,108,
git_semver,0,21,
goodconf,0,42,
googkit,0,120,
google-cloud-logger,0,13,
goto-project,0,25,
graphitesender,0,11,
graphlite,0,20,
grappa-http,0,23,
great-expectations,0,48,
greeneye-monitor,0,16,
greengo,0,11,
greenswitch,0,27,
guildwatcher,0,18,
happer,0,20,
happybase-mock,0,43,
haralyzer,0,25,
HARPy,0,12,
hashedindex,0,76,
hawkular-client,0,27,
hb,0,17,
historydict,0,15,
homog,0,25,
hsme,0,14,
hudai,0,36,
hutils,0,12,
hyp,0,21,
hyperschema,0,14,
iamport-rest-client2,0,18,
ideskeleton,0,36,
iec870ree,0,37,
ieml,0,17,
iface,0,20,
imgur-downloader,0,15,
ImmutaPy,0,35,
importmagic,0,74,
incoming,0,35,
infinity,0,66,
inflection,0,450,
inflow,0,47,
ini-config-reader,0,16,
instabrade,0,23,
intuit-oauth,0,24,
invogen,0,29,
ioflo,0,128,
ipmt,0,40,
isocor,0,318,
istsos,0,18,
jbxapi,0,24,
jhhalchemy,0,13,
jikji,0,15,
json-objects,0,11,
json2sql,0,33,
jsonstreams,0,123,
jumpdir,0,32,
junit-xml,0,46,
kademlia,0,18,
khleepkg02,0,40,
kin-base,0,99,
kinda,0,228,
kinematics,0,48,
knit,0,34,
koordinates,0,11,
kount-access-sdk,0,39,
lab_assistant,0,12,
lalalala,0,182,
langsplit,0,11,
laylib,0,35,
lazycontract,0,23,
ledger-3pc-batch,0,86,
ledger-chunked-file-store,0,86,
libjanus,0,58,
limbo,0,64,
line-bot-sdk,0,130,
logging-test-case,0,24,
logme,0,136,
logprism,0,13,
loopialib,0,53,
luapatt,0,162,
lynx,0,12,
make-lambda-package,0,14,
malcolm,0,100,
manageiq-client,0,52,
markdown-generator,0,402,
markus,0,64,
mass-production,0,18,
matchmock,0,27,
matchtools,0,119,
maxcul,0,13,
mdorrst,0,19180,
merakicommons,0,71,
mercantile,0,95,
merkle-proofs,0,22,
metabochumpy,0,42,
metaextract,0,17,
meuhdb,0,46,
mgun,0,12,
mime-streamer,0,14,
mindbogglr-python-docx,0,1355,
miniconfig,0,23,
mir.dlsite,0,31,
mkdocs-awesome-pages-plugin,0,78,
mlserve,0,16,
moca,0,29,
mocksh,0,29,
mpd_pydb,0,22,
mqtt-codec,0,78,
msrestazure,0,40,
mvport,0,18,
mypytools,0,19,
nanomongo,0,37,
nbd,0,23,
ndtamr,0,42,
nemreader,0,12,
neojsonrpc,0,36,
netaddr,0,266,
netmiko,0,113,
neurodocker,0,18,
neurosynth,0,30,
neverbounce-sdk,0,38,
nice-list,0,14,
niche-vlaanderen,0,92,
nsopy,0,32,
ntelebot,0,36,
numcompress,0,14,
nx-itertools,0,52,
oauth2.3,0,86,
oauth2,0,86,
oauthlib,0,547,
observable,0,26,
OGN-lib,0,113,
onesignal-python,0,47,
onionrouter,0,13,
openrange,0,84,
opterator,0,36,
ostruct,0,65,
otv,0,12,
oyaml,0,18,
p.url,0,13,
pacyam,0,20,
pampy,0,59,
pandas-validation,0,16,
pandascore,0,35,
pantable,0,12,
parides,0,18,
PCSE,0,37,
Penman,0,45,
permadict,0,17,
phantomas,0,14,
phulpy,0,19,
phylopandas,0,11,
pinnacle-nick,0,30,
pinnacle,0,30,
pip-shims,0,37,
pipm,0,31,
plane,0,25,
pluralsight,0,29,
policyd-rate-limit,0,13,
postcodeapi,0,17,
posty,0,41,
pow-store-zodb,0,72,
powerbox,0,73,
prepkit,0,25,
pricing,0,236,
procenv,0,24,
prompt,0,14,
protonfixes,0,11,
prototag,0,35,
proxy-db,0,22,
pseudb,0,113,
psnprices,0,30,
psrqpy,0,29,
psv,0,160,
pundle,0,12,
punq,0,21,
py-coders,0,16,
py-gardener,0,16,
py-keycloak,0,12,
py-linq,0,77,
py-package-template,0,20,
py-seed,0,28,
py-validate,0,147,
py-vkontakte,0,63,
py-zabbix,0,34,
py3utils,0,12,
pyamaha,0,11,
pyApp,0,16,
pyasgard,0,13,
PyBabeljs,0,13,
pybeehive,0,156,
PyBLNET,0,12,
pybnb,0,189,
pybrake,0,38,
pycayennelpp,0,76,
pycdlib,0,1100,
pyCEC,0,19,
pycentosvalidators,0,13,
pyckaxe,0,321,
pydriller,0,129,
pydst,0,18,
pyenvdiff,0,90,
pyetrade,0,20,
pyFixedFlatFile,0,12,
pyflightdata,0,57,
pyfs,0,61,
pygcvs,0,21,
pygeoid,0,43,
pygmount,0,31,
pyhelm,0,37,
pyhostman,0,15,
pyinaturalist,0,16,
pyinseq,0,13,
pyinstrument,0,20,
pyitunes,0,15,
pyjks,0,68,
pyjo,0,41,
pylint-mongoengine,0,30,
pyluach,0,61,
pymath2,0,23,
pymfy,0,35,
pymlconf,0,12,
pymonoprice,0,21,
pynamecom,0,34,
pynoorm,0,129,
pyolite,0,38,
pypara,0,40,
pypic,0,25,
pypinyin,0,720,
pyPodcastParser,0,117,
pypokedex,0,21,
pypred,0,174,
pypsrp,0,12,
pyqubo,0,94,
PyRecs,0,13,
pyrish,0,58,
pyrkube,0,146,
pyroots,0,351,
pyrosbag,0,40,
pyschemes,0,11,
pyseeyou,0,221,
pystrainer,0,30,
pytelemetry,0,19,
pyterrier,0,19,
pytest-interactive,0,64,
pytest-lazy-fixture,0,45,
pytest-picked,0,29,
pytest-platform-markers,0,15,
pytest-testdox,0,49,
pytest-timeouts,0,19,
pytest-tldr,0,18,
pytest-unittest-filter,0,17,
pytesting-utils,0,25,
pythomata,0,44,
python-2048a,0,29,
python-aws-dataclasses,0,24,
python-binance,0,11,
python-box,0,106,
python-bytom,0,13,
python-cas,0,15,
python-docx,0,1461,
python-forge,0,468,
python-gedcom,0,11,
python-gtmetrix,0,12,
python-rpm-spec,0,25,
python-rrmngmnt,0,200,
python-telegram-handler,0,16,
python-telegram,0,32,
python-to-json,0,16,
python-xml-hl7,0,17,
python-xonotic-db,0,14,
python3-boleto,0,102,
pythonanywhere,0,94,
python_wpapi,0,38,
pyti,0,216,
pytracking,0,26,
pytube,0,59,
pytxer,0,11,
pyungo,0,40,
pyvalidators,0,13,
pywavesurfer,0,21,
pywebview-unofficial-osx-patched,0,47,
pyxl4,0,66,
pyzpl,0,11,
qtm,0,74,
RanCat,0,22,
Ranch,0,15,
ratelimitqueue,0,78,
rcgrep,0,12,
rddl2tf,0,44,
ree,0,51,
reescraper,0,51,
remath,0,16,
resample,0,41,
resolwe-runtime-utils,0,18,
restful_model,0,27,
riprova,0,80,
riscv,0,25,
roconfiguration,0,44,
rofetta,0,60,
routeros,0,31,
rtry,0,111,
rumble,0,59,
Sanic-WTF,0,12,
schedule,0,24,
schemable,0,96,
scikit-ci,0,37,
scikit-procrustes,0,101,
scrapy-crawlera,0,35,
sdata,0,20,
seccs,0,21,
seleniumbase,0,51,
sentence_splitter,0,15,
series-tiempo-ar,0,32,
serverless-config,0,32,
sevenbridges-python,0,333,
shackles,0,20,
shadiakiki1986-python-ntlm3,0,36,
sharedcloud-cli,0,137,
sheetfu,0,51,
shelltest,0,42,
shortcuts,0,13,
simple-worker,0,24,
simplegeoip,0,15,
simple_json_logger,0,21,
simple_model,0,41,
sitcpy,0,36,
sivtools,0,32,
Skills-Utils,0,13,
skybellpy,0,23,
skyscanner-contentful-management,0,17,
slack-machine,0,61,
smalluuid,0,17,
smsfarm,0,15,
smtp2go-django,0,16,
smtp2go,0,26,
smugpy,0,21,
snfpy,0,29,
specsavers,0,16,
Specter,0,118,
spm,0,21,
sponge,0,156,
spylon-kernel,0,32,
sql,0,24,
sqlakeyset,0,29,
SQLAlchemy-Unchained,0,50,
sqlcop,0,31,
sqre-apikit,0,13,
start,0,40,
static-api-generator-md-loader,0,21,
steamapi,0,70,
steppy,0,12,
stix2-patterns,0,160,
stix2-validator,0,420,
stranding,0,17,
strict-hint,0,70,
stringint,0,282,
sumtypes,0,15,
swagger-parser,0,22,
swagger_validator,0,68,
swamper,0,21,
swissdta,0,103,
switch,0,17,
sxtools,0,14,
sympl,0,973,
syncer,0,24,
synthego-ice,0,50,
syslog-rfc5424-parser,0,28,
Tabipy,0,12,
tabs,0,16,
tacacs_plus,0,48,
taeper,0,19,
taipan,0,1183,
tak,0,73,
tcollier-spiral,0,140,
tekuila,0,13,
tengri,0,13,
terraform_validate,0,59,
tessagon,0,25,
testpath,0,13,
TextMatcher,0,14,
tf-plan,0,63,
tgnooapi,0,12,
thecache,0,14,
ticket-universe,0,19,
timeout-decorator,0,20,
timy,0,13,
tinydb-serialization,0,115,
tinydb-smartcache,0,115,
todone,0,240,
toml,0,22,
transbank-sdk,0,24,
translate,0,19,
treemaker,0,48,
trsfile,0,22,
twindb_cloudflare,0,20,
twintrimmer,0,79,
uesgraphs,0,25,
uhashring,0,20,
unicef-djangolib,0,11,
unit_parser,0,29,
update-route53,0,12,
uproot-methods,0,14,
urlman,0,15,
urltools,0,40,
utm,0,15,
utt,0,63,
uwsgi_metrics,0,55,
uwsgi_metrics3,0,55,
vagrepo,0,13,
val,0,97,
validator.py,0,23,
validictory,0,150,
vcspull,0,26,
vcversioner,0,42,
vecnet,0,37,
vega_datasets,0,95,
versionary,0,21,
vibrationtesting,0,12,
virga,0,72,
viroconcom,0,149,
virtualenv-tools3,0,15,
vis2048,0,32,
Volt,0,297,
von-agent,0,11,
voximplant-client,0,63,
vsi,0,69,
vulture,0,190,
w3lib,0,146,
wampyre,0,21,
waterbear,0,16,
wavy,0,127,
wcpy,0,13,
website_monitor,0,11,
WereSync,0,57,
wirelesstagpy,0,24,
wls-rest-python,0,44,
woodpecker,0,30,
wpasupplicantconf,0,13,
wryte,0,23,
wsgiwatch,0,11,
wvflib,0,19,
xar,0,31,
xavier,0,13,
XBee,0,79,
xcrun,0,18,
xeger,0,42,
xenavalkyrie,0,20,
XlsxWriter,0,1440,
xpath-expressions,0,41,
xplane-airports,0,14,
yalr,0,33,
yapylib,0,172,
yaspin,0,198,
yearfrac,0,26,
yelpapi,0,12,
yelp_cheetah,0,432,
YesssSMS,0,43,
yumemi,0,21,
zmail,0,52,
zmote,0,12,
zped,0,12,
zxcvbn-python,0,31,
zxcvbn,0,31,
A.I,0,1,
aaargh,0,10,
abci,0,3,
abhealer,0,2,
abotest,0,1,
abotest1,0,1,
abraham,0,1,
ABtests,0,7,
abzer,0,2,
access_points,0,6,
acerlinnester,0,1,
aceso,0,10,
acl-anthology,0,5,
adafruit-circuitpython-motor,0,6,
adaptest,0,1,
adaptpath,0,3,
adcat,0,1,
advent-of-code-helpers,0,1,
AFQ-Browser,0,2,
ai-maze,0,1,
aif360,0,1,
aikit,0,2,
aio-dprcon,0,8,
aioapp-http,0,6,
aioapp-pg,0,4,
aioapp-redis,0,4,
aioapp_amqp,0,6,
aioapp_http,0,6,
aiocron,0,9,
aiofile-linux,0,1,
aiohttp-limit,0,2,
aiohttp-send,0,0,
aioimdb,0,0,
aioipfs-api,0,2,
aiolifxc,0,1,
aiomonitor,0,6,
aiopylimit,0,0,
aiorm,0,10,
airtable-schema,0,3,
aisating,0,1,
ajson-rpc2,0,1,
ajsonrpc,0,4,
akindofmagic,0,5,
alexafsm,0,6,
alkivi-config-manager,0,2,
alkivi-google-client,0,1,
alkivi-logger,0,1,
allsortalgo,0,9,
alosi,0,1,
altendpy,0,2,
amazon-kclpy-test,0,2,
amazon-kclpy,0,2,
amqpy,0,1,
amsaf,0,2,
anachronos,0,9,
AneMetro,0,1,
AneMetroHexo,0,1,
anitopy,0,2,
AnkiVim,0,5,
anndi,0,1,
anonapi,0,1,
ansi,0,4,
ansible-maas-dynamic-inventory,0,4,
anteater,0,1,
anybot,0,7,
anyone,0,2,
apify-client,0,1,
apiir,0,1,
api_data,0,1,
april,0,8,
apsitemap,0,1,
apus,0,2,
aquaipy,0,1,
aqualogic,0,2,
arclib,0,4,
are_you_sure,0,2,
argresolver,0,6,
arithmetic-cloudea,0,1,
armada,0,2,
asari,0,1,
aserve,0,1,
aspy.yaml,0,4,
ast2json,0,1,
asterix,0,3,
astro,0,0,
astro3D,0,1,
astrolabe,0,6,
astute,0,1,
asv,0,0,
asynapplicationinsights,0,7,
async-dispatch,0,8,
async-json-rpc,0,4,
async-mgun,0,10,
async-patterns,0,0,
async-vk-api,0,8,
async-vk-bot,0,9,
asyncall,0,5,
asynccli,0,7,
asyncpgsa,0,0,
async_armor,0,7,
async_retrial,0,1,
async_retrying,0,4,
atlassian-python-api,0,6,
atomicwrites,0,6,
attrs-to-sql,0,8,
Augmentor,0,0,
augur-solidity-flattener,0,1,
auooo-sample,0,1,
auth0-login,0,1,
auto-openvpn,0,1,
Autocurry,0,5,
awpa,0,7,
aws-sm,0,6,
aws-ssm-invoke,0,1,
aws-tag-a-day,0,2,
awscurl,0,1,
awsenviron,0,3,
barge,0,1,
base58check,0,7,
bcc,0,5,
bender-hooks,0,8,
bethesda-structs,0,4,
birdseed,0,1,
bitutils,0,3,
blog-travis-docker,0,5,
bloomtime,0,6,
bottle-config,0,1,
br-cpf-tester,0,5,
bravado-falcon,0,2,
brazier,0,1,
brittle_wit,0,0,
bwplot,0,1,
byteArk,0,1,
caf-verilog,0,3,
caller,0,4,
camel_snake_kebab,0,7,
camo-sign,0,1,
canopener,0,6,
capitalize-name,0,3,
cardbin,0,1,
carreralib,0,3,
catcli,0,7,
cdp,0,1,
ceedub,0,2,
celery-statsd,0,2,
cellbase,0,7,
cenaming,0,8,
CFGraph,0,4,
changelogger,0,1,
chaoNester,0,1,
charlie-pop-hello,0,2,
charpe,0,6,
check,0,6,
chinesename,0,1,
chiscore,0,3,
chumble,0,1,
chunkify,0,8,
citools,0,7,
classcli,0,1,
classtools,0,5,
clinch,0,4,
clint,0,7,
cloneme,0,2,
closeio,0,7,
cloud-compose-datadog,0,5,
cmd-util,0,1,
cnradical,0,8,
coconut-prelude,0,1,
collapsing-thread-pool-executor,0,2,
colorclass,0,4,
comala-workflows,0,3,
combus,0,1,
commandbus,0,4,
comp-match,0,10,
conda-merge,0,4,
config_edit,0,4,
confluent-kafka-helpers,0,2,
confobj,0,7,
contributors,0,2,
controlhost,0,7,
coorblimey,0,3,
corautil,0,7,
COWBAT,0,1,
crashlog,0,1,
CryptoWallets,0,3,
cryptux,0,3,
csirtg-network,0,7,
curmit,0,9,
cuthon,0,1,
cy-first-pkg,0,1,
cypher1,0,1,
cypher3,0,1,
cypher4,0,1,
cypher6,0,1,
data-science-utilities,0,2,
dcard-spider,0,0,
demon,0,1,
denv,0,1,
devdocs-cli,0,3,
developer-tools,0,1,
devolve,0,7,
diceroller,0,4,
dictsearch,0,5,
directory-bootstrap,0,8,
displayforecastio,0,4,
disposable-email-domains,0,4,
django-beam,0,5,
django-bootstrapper,0,2,
django-fileprovider,0,1,
django-http2-push,0,7,
django-jsonfeed,0,6,
django-reinhardt,0,1,
django-rest-atlas,0,1,
django-rest-secureview,0,8,
django-rest-witchcraft,0,5,
django-t10e,0,2,
django-tml,0,1,
django_migration_checker,0,10,
django_price,0,3,
dloud-ads,0,9,
docker-host-ip,0,1,
docker-push-latest-if-changed,0,1,
docker_check,0,4,
dollarpy,0,3,
domain-validation,0,6,
donkey,0,6,
dontforget,0,7,
dotlinker,0,7,
dougrain-forms,0,4,
drewtils,0,4,
drilsdown,0,1,
drydock,0,6,
dsv,0,4,
dtm2text,0,5,
dtool-cli,0,2,
dtoolutils,0,2,
easy-vector,0,1,
ecdsa,0,7,
ecf_parser,0,8,
eciespy,0,4,
edwiges,0,3,
einder,0,1,
eks_switcher,0,6,
elapsedtimer,0,8,
eliqonline,0,1,
emotlib,0,6,
endermite,0,6,
energy-shaper,0,8,
envcat,0,2,
etp,0,2,
example-jackie,0,1,
example-pkg-maxalan,0,1,
example-pkg-muzx,0,1,
example-pkg-papertiger,0,1,
example-pkg-ray,0,1,
example-pkg-tjskanth,0,1,
exception,0,5,
exonetapi,0,1,
expiringdict-with-default,0,9,
expurgator,0,2,
exsort,0,1,
eyeflask,0,7,
ezedcfg,0,8,
falcon-apispec,0,5,
fastread,0,5,
fbopen,0,1,
fbtimer,0,1,
fcm-client,0,2,
filepreviews,0,5,
finesm,0,1,
flarmnet,0,1,
Flask-APIBlueprint,0,6,
Flask-CSV,0,4,
Flask-FileUpload,0,7,
Flask-Fool,0,6,
Flask-Googletrans,0,9,
flask-restless-swagger,0,1,
flask-url-mapping,0,10,
flightradar24,0,7,
FolderRename,0,1,
forgive,0,6,
ForkLyft,0,2,
fortigate-config-parser,0,4,
fotonower,0,1,
ftpsync,0,1,
fuelwatcher,0,2,
garbelflug,0,1,
GaussOpt,0,2,
gclone,0,5,
general-log-parser,0,2,
genmenu,0,10,
geojson2fromto,0,5,
geoselect,0,5,
geox-statistics,0,1,
ggv.utils,0,1,
Ghal,0,4,
ghlint,0,2,
gief,0,2,
gierto,0,1,
giftbit,0,6,
git-url-parse,0,8,
gitcontrib,0,5,
gitstats,0,6,
gitup,0,2,
gmaps-url-parser,0,1,
gmtmodernize,0,4,
gnucash_portfolio_cli,0,1,
gossip-python,0,7,
gpiosvr,0,5,
grodus,0,1,
gulp,0,10,
hashprint,0,1,
hatesonar,0,2,
heapapi,0,10,
hello1234,0,2,
hellobluenove,0,1,
hex2file,0,4,
hiveplot,0,2,
hizzard,0,1,
holmes-ml,0,1,
hoon,0,9,
hostnameomatic,0,2,
hostsmgr,0,5,
hottings,0,1,
html-similarity,0,3,
htmlcompressor,0,6,
hyh-1,0,1,
hyperlink-extractor,0,8,
hyperterm-utils,0,1,
iana-tz-coord,0,1,
ibancom,0,8,
icingapy,0,6,
iddmma-nsniffer3,0,1,
iddmma,0,1,
iddmma2,0,1,
iddmma3,0,1,
idoit,0,1,
ii-tools,0,8,
ijroi,0,8,
image-bootstrap,0,8,
imhotep_eslint,0,2,
imhotep_jscs,0,2,
import-update,0,1,
impysonator,0,3,
indexhr,0,5,
infobot,0,6,
ingress,0,1,
Inirama,0,4,
inputlib,0,3,
intern_sample,0,1,
interscratch,0,1,
ioc-fanger,0,1,
ippackage,0,1,
ippy,0,8,
IPTCInfo3,0,8,
irekia,0,10,
irisflower,0,5,
irmagic,0,1,
irritable,0,3,
ishell,0,10,
isitup,0,3,
islex,0,10,
isort,0,4,
itunessmart,0,10,
jimmysh-stock-api,0,1,
jindashanmoudles,0,1,
jinja2-commentif,0,2,
jinja2-s3loader,0,4,
jj,0,0,
journal,0,3,
journeyplanner,0,4,
JpTokenPreprocessing,0,2,
jupyter-git,0,1,
jupyter-plotly-dash,0,5,
kaeru_parser,0,7,
keras-drop-block,0,6,
keras-gcn,0,6,
keras-perturbation,0,2,
keras-pos-embd,0,9,
keras-transformer,0,9,
keyed-classes,0,5,
kibana-dashboard-api,0,9,
kms-client,0,1,
knot-injector,0,5,
koodaus,0,9,
kulgap,0,1,
kundjanasith,0,1,
kylin,0,1,
LabSwarmManagement,0,1,
LabToolkit,0,1,
lambda-git,0,2,
lanyrd,0,1,
layerstack,0,1,
Lazify,0,6,
lccserver,0,0,
lds,0,4,
lead_pipe,0,4,
lektor-envvars,0,5,
light2,0,1,
lightxin,0,1,
limitediterables,0,1,
linearizator,0,5,
litestats,0,1,
livebridge-scribblelive,0,0,
livebridge,0,0,
ln2sql,0,4,
lockchain,0,0,
logging-formatter-anticrlf,0,8,
loggingExamples,0,1,
logmein-api-client,0,2,
look4bas,0,9,
lookml-gen,0,5,
lstree,0,5,
lucyballs,0,1,
lunar-convert,0,1,
machine-learning,0,1,
magic-marker,0,7,
magnum-pi,0,2,
MailManagerPythonInterface,0,3,
mand,0,4,
manly,0,3,
marathon-acme,0,3,
markone,0,3,
masci_tools,0,5,
mask-plasmid,0,2,
mesos-executor,0,1,
metricz,0,6,
micvbang,0,7,
mir.acle,0,8,
mir.sitemap,0,1,
mock-ssh-server,0,10,
mocka,0,1,
modemscraper,0,7,
monetary,0,5,
more-executors,0,0,
mwbase,0,10,
mxmul-pkg-mingfei,0,1,
my-utils,0,1,
mydome,0,1,
mythril,0,2,
n-property,0,8,
napalm,0,7,
naughty-string-validator,0,8,
naughty,0,2,
nbtschematic,0,8,
ncs,0,2,
ndlib,0,5,
ndms2-client,0,6,
nf1,0,3,
nhlscrapy,0,2,
nhs-dos,0,3,
niftyhacks,0,1,
ntv,0,7,
num2cyrillic,0,5,
numberwang,0,4,
nxstart,0,10,
nytimes-top-stories,0,9,
oceandb-bigchaindb-driver,0,6,
ode,0,6,
omgircd3,0,10,
ommr,0,4,
omnijson,0,3,
onemillion,0,2,
openaero,0,2,
openapi-codec-devin,0,6,
openweathermap_requests,0,4,
optimade,0,7,
optimo,0,2,
orbitize,0,4,
otcbtc-client,0,2,
padaos,0,4,
pagilist,0,1,
paired,0,8,
pamela,0,6,
pandas-multiprocess,0,1,
paramdec,0,1,
parcelbright,0,4,
passwordgenerator,0,7,
password_manager,0,5,
pats,0,1,
paunch-dir,0,2,
paydunya,0,8,
pcrunner,0,8,
pdat,0,1,
pdfmerger,0,2,
peewee-extras,0,6,
pendulumify,0,10,
pep263,0,2,
Phils-Amazon-Price-Tracker,0,1,
PhotoHash,0,5,
pick-git,0,1,
Piggyback,0,9,
pinballmap,0,1,
pip-chill,0,10,
pixiv_ugoku,0,0,
pocket-api,0,9,
pocket-cli,0,9,
polygraph,0,1,
popgen,0,1,
power,0,6,
predictive_imputer,0,0,
preparer,0,6,
prequest,0,6,
purpler,0,2,
pwned,0,1,
py-database-url,0,3,
py-eth-sig-utils,0,6,
pyannotate,0,4,
pybrdst,0,5,
pycapella,0,4,
pycep-correios,0,5,
pycfgr,0,4,
pycheckey,0,3,
pyciscospa,0,7,
pyconnect,0,1,
pyconza2014,0,1,
pydatapipes,0,5,
pyden,0,0,
pyDigitalWaveTools,0,2,
pyfil,0,1,
pyfloc,0,1,
pyFRF,0,2,
pyfrozen,0,8,
pygetty,0,1,
pyhpc,0,1,
pyjc,0,1,
pyls-mypy,0,6,
pymodeler,0,5,
pyms,0,1,
pyndv,0,0,
pyNSC,0,1,
pyoauth2,0,6,
pyorcy,0,1,
pypcappy,0,2,
pypexels_l5,0,3,
pypi-chat,0,1,
pyppyn,0,10,
pyprince,0,6,
pyramid-bootstrap4,0,1,
pyrange,0,3,
pyrefactor,0,8,
PyRNA,0,1,
pysanity,0,1,
pysett,0,8,
pystory,0,2,
pyStreamer,0,9,
pytakeout,0,2,
pytest-django-ordering,0,1,
pytest-dolphin,0,1,
pytest-drop-dup-tests,0,1,
pytest-random,0,4,
pytest-session-fixture-globalize,0,4,
pytest-threadleak,0,7,
python-alogger,0,10,
Python-Deprecated,0,8,
python-echarts,0,1,
python-evrythng,0,9,
python-scripting,0,7,
python-set-ings,0,6,
python-smartprice,0,2,
python-vpic,0,2,
python-walmart,0,3,
pythontranslate,0,1,
pyTrigger,0,9,
pywebtasks,0,8,
pyyamlsettings,0,9,
PyZenvia,0,3,
qchviewer,0,2,
questionnaire,0,3,
rabird.core,0,2,
ramapi,0,1,
ranking-sorting,0,4,
rapidfire,0,1,
rapidjson,0,1,
ratelimit,0,4,
ratelimiter,0,8,
rdfpandas,0,2,
recognizers-suites,0,1,
remove_hairs,0,2,
renamify,0,1,
requests-dump,0,3,
rereplace,0,1,
RobotGrpc,0,1,
rome,0,9,
royasample,0,1,
ruiyun-flask-interceptor,0,2,
run_jnb,0,5,
s3-scheduler,0,7,
s3-uploader,0,5,
s3tail,0,2,
sailplay,0,1,
sample-zewei2,0,1,
sampleaoao,0,1,
sampleproject-nomura,0,1,
sampleproject,0,1,
sampleproject420blazeit,0,1,
sampleproject4cxhjet,0,1,
sc2maptool,0,9,
scent,0,4,
schemagic,0,3,
scrapy-fieldstats,0,9,
scrapy-sqs-exporter,0,6,
scriptlock,0,1,
sec,0,5,
secret-keeper,0,7,
selectz,0,10,
sentinelhub,0,0,
serializabledict,0,1,
sesam,0,9,
sessionlib,0,7,
setmeup,0,1,
setuptools-test,0,1,
sharma-shruti,0,1,
shellfuncs,0,2,
shellingham,0,1,
short,0,1,
ShortStr,0,9,
short_url,0,3,
shrug,0,1,
signalsdb,0,4,
signhash,0,1,
simple-hdlc,0,5,
simple-validator,0,9,
singlepy,0,6,
singleton3,0,1,
sixfab,0,1,
sjgefily,0,1,
slice,0,1,
smyte_pylib,0,2,
snekchek,0,3,
snowplow_analytics_sdk,0,4,
somepackage,0,3,
spb-dnevnik-bot,0,1,
speed-tester,0,3,
sphinx-gallery,0,0,
spython,0,1,
sqldd,0,1,
sqline,0,1,
sqlite3-zlib-adapter,0,5,
srclicenser,0,2,
srslib,0,7,
star-destroyer,0,10,
steenzout.object,0,7,
stellar-sdk,0,1,
stong-sample,0,1,
storedDict,0,5,
streamstats,0,1,
strictclasses,0,1,
striplog,0,10,
studious-octo-parakeet,0,2,
subfiles,0,3,
subtokenizer,0,4,
sudoku_maker,0,1,
suds-py3,0,2,
superpose3d,0,1,
sw,0,1,
swagger-aggregator,0,8,
SwarmRespirationService,0,1,
switcheo,0,1,
syncasync,0,9,
syncshell,0,3,
tapioca-circleci,0,3,
tcpping2,0,2,
telega-compose,0,10,
telegram-export,0,1,
tellduslive,0,1,
termplanner,0,3,
termstree,0,3,
terrachecker,0,1,
test-robot-keeper,0,1,
test85910-sample,0,1,
textmetric,0,3,
tgx-cli,0,1,
this-cli,0,6,
threatbutt,0,4,
tika,0,10,
tilecloud,0,1,
tiles,0,3,
timeliterals,0,4,
tinder,0,0,
titanic,0,3,
tml-jinja2,0,1,
todx,0,2,
tokenROI,0,1,
tornado-swirl,0,0,
towelstuffer,0,1,
trafaret_validator,0,8,
travistest,0,4,
trenzalore,0,1,
trojsten-judge-client,0,2,
twsecli,0,9,
typecube,0,8,
typestruct,0,8,
uek-abc,0,1,
uek-light1111,0,1,
uek-sayhello,0,1,
uek-wyc-one,0,1,
ukmdb_amqp,0,2,
ukmdb_audit,0,2,
ukmdb_graph,0,2,
ukmdb_uuid,0,2,
umbral,0,3,
unholster.milieu,0,7,
universalQueue,0,1,
url-summary,0,2,
uuid-shortener-py,0,2,
uwsgi-sloth,0,4,
v-vk-api,0,6,
v2,0,1,
vagranttoansible,0,6,
vali,0,5,
valve,0,1,
vaneska,0,1,
vault-gatekeeper-client,0,4,
vega,0,5,
veracodetocsv,0,6,
virtualenv-hax,0,3,
voxel,0,2,
watson-dev,0,3,
wcwidth,0,8,
websock,0,5,
webtest-sanic,0,5,
wera2netcdf,0,7,
whedon,0,10,
whichcraft,0,2,
windrose,0,6,
winiobinary,0,1,
wispshapes,0,1,
wom,0,10,
workdays,0,3,
wows-api,0,4,
WRFpy,0,5,
wrong,0,5,
wsgi-sslify,0,10,
wtfuzz,0,0,
wxx,0,1,
xfce4_terminal_themes,0,2,
xingkacky,0,1,
xn-twist-python-sdk,0,5,
XOR-CheckSum-zsd,0,8,
xtheme,0,2,
yaml-builder,0,1,
yaml2cli,0,3,
yamlinfo,0,1,
yaml_backed_structs,0,1,
yangson,0,9,
ydh-yourname,0,1,
yeelib,0,8,
yeelightsunflower,0,1,
yelp-gprof2dot,0,1,
yelp-meteorite,0,1,
YetAnotherPyOptional,0,3,
yur,0,1,
zerobounce,0,3,
zh_recover,0,1,
zipfreeinfo,0,1,
zjl-zhaijiali.py,0,1,
zkw-z,0,1,
ZOZO-intern,0,1,
zrydemo,0,1,
zser,0,8,
zsession,0,1,
zymtest2,0,1,
zzmm,0,1,
